99790914-f8f5-4799-9f00-ec45023479b9,"***** Not null *****"
f69a9890-7e34-4491-a5e6-f8d60f481caa,"***** Not null *****"
b1bea2cc-fe01-43aa-a664-71a2fdffcd80,Success
7dbe3162-4866-4c3d-96f1-e6cac42fd3ae,Success
1db15438-039b-45b5-bce8-215e3fcbf513,Success
dc521573-51c3-4343-9646-84e37dc7dcda,Success
c5a13d13-6c3e-48c0-a1b7-3bff8b2eb1ab,Success
01e68a90-9fb8-4709-a2cc-3ad92f524554,Success
d67cf51f-760f-43b0-a199-10d80ed4765f,Success
e080a079-45f6-4c72-bb45-307244ee69b4,Success
73e6d0a2-bb21-4809-a1c4-21f0b161369b,Success
1b7e9a90-0e53-45f3-b3d4-9b999a967e56,Success
c38c6b30-2cff-4369-b51f-88f7ae008d56,Success
e6842c18-abb6-4729-b077-99e6f80198cd,Success
02a52d8e-822b-4601-855e-28f1f773ea07,Success
1b5cca3d-d2b3-4310-bc81-c749b10ea822,Success
62cb565b-8d42-43de-b4ed-27155f499ab8,Success
7b036105-5191-4ccf-8da7-1c0130f8fd70,Success
047180af-4b5c-47a9-8df6-d71b5456d037,Success
6dd7e9e0-9beb-4eaf-86b2-65cc24fb5be6,Success
60495747-cf80-47bb-a73e-d16ed2dbd15d,Success
df6f837b-54ec-4db3-8800-8358e25fd4f1,Success
51987396-f9fd-445a-878f-4cb56e755432,Success
b8fe6e7c-7a5f-4c25-84fd-3e842c672847,Success
f07323b4-c925-4100-b09e-7e1396cc0e32,Success
741776be-8d38-49bc-a51b-227bc596a3d3,Success
73406c78-f78c-4ad1-af04-eb13450ccc28,Success
dbde7c6f-d721-4b02-acd7-8e0aebc88541,Success
5b055f16-09b7-4273-bb47-68a82abed9d3,Success
61a5cfcd-2551-4cbc-a480-395a64156d3d,Success
620f061a-f0d8-420f-bd9f-5bf481284783,Success
9cff19a0-c140-431e-a76c-a37154526d62,Success
12c50e21-aa90-4a48-b37c-b1cac917a6b7,Success
99880ce9-a5fa-49a1-a743-f3bff694dc7f,Success
8d6ddcaf-3e8f-4879-9f2d-8a1a3bd9252d,Success
a6efdab4-f755-4eca-a88f-e07881cd3e38,Success
e910b34c-4721-4eb0-9ccd-f97ea06419b1,Success
78793fc7-a76a-4b01-be2b-2a724a2d0bec,Success
d68155ee-9832-4074-95df-6dbdd6540793,Success
6bc4003f-3db4-4d03-a99a-98bee2400df9,Success
12ca7f93-005b-4eeb-9355-d02dbcbddf42,Success
88939ff6-fd60-4e93-b6ec-a32f295c6903,Success
836573f5-f717-4f9c-b2a6-58852a59dc1b,Success
b06a1ca6-b154-4712-8e4b-fe7edede88b1,Success
1cb59696-7455-443e-a3ff-32e0de7a7043,Success
d0d6966e-81a9-4a48-bbad-7b60df48ea0a,Success
c052d241-ee38-47c9-962a-fe95febe4019,Success
057730fc-b9ae-4b85-8a6e-790481be51eb,Success
f85920d5-cddd-43e8-bb4b-788680e168cb,Success
25fc905f-9d02-48a4-a935-fd6c9eae9e76,Success
be2ca464-8db9-4ab4-a48b-28bcb32988ce,Success
c9754114-6fbf-4ace-9853-66ee837cd179,Success
662b9067-a20e-417f-8746-905ddbda5e4e,Success
2a6b9676-c159-4489-aa64-75a0e19c6d13,Success
a7bc76a8-1cd0-4d10-a02c-883c5436b651,Success
1ff2d5a0-a5b1-4ddd-9451-4f83d9be5db8,Success
a34d2e7e-793e-4f75-bfba-7635f61054aa,Success
f298c04b-9b26-4512-aae3-b58b7090e1be,Success
5fa96181-10eb-4cec-9304-23e5cddebdfc,Success
92a45638-d39b-45fc-ba1a-9b231db73f8d,Success
02447690-a109-410d-b218-5667e67db89a,Success
80048a4d-b021-4d8f-be38-716836e48f99,Success
600d1667-ed40-4c62-93f8-bd2f3bb9546c,Success
f7abbd72-4812-46de-9130-561d66bade6e,Success
87008ea5-0c9e-4485-8b71-06b540ee31b2,Success
6aa1d6c6-677d-4fc2-98ec-f95ea627a503,Success
a5b4e3d4-f34d-4414-9425-22129252e1a6,Success
d6f1ab6d-5899-4219-a624-5cdf4ffde20f,Success
a4522552-58cf-4483-ab2f-e8844638b0c6,Success
100d898a-b042-4aa5-952f-7592e4d6f447,Success
664eea37-c153-40d4-9526-29fd6bc9be23,Success
6113f414-7ec2-4983-b52a-e8eb8a7c9d19,Success
6dbe32ac-18da-4597-8133-06e0bc2015a7,Success
7f3ca2b5-d9b5-4152-baf6-19baea04e631,Success
b8d4fae6-df44-458d-9080-3d7076f3648f,Success
33279819-9236-4757-a4a4-e4ef0715cf7c,Success
31b34da8-6cc2-429b-9555-9df0afcbb4ee,Success
6f904e3b-33bd-43d6-b449-db5c412e69f9,Success
ac9c23e4-46a5-4553-be6b-d59bac249b10,Success
ddb5da90-abd3-49a2-9434-75584b0f41c9,Success
8b5bba92-54f0-42ce-9c1f-08f9971fe346,Success
a12740e7-ecd3-4e3c-84b2-fd18688318a6,Success
5aedaa5c-d9a0-4ea5-996d-a701dedfdfd2,Success
bc2bb60e-d9d2-4f50-b351-a286c3a457d2,Success
4b678d01-3858-4c3f-9590-ce7b49ada675,Success
d4a864ee-8a37-47aa-94cc-9c113dba167d,Success
422a71dc-c2ef-471e-937d-432bc32d6b91,Success
09e222a6-5b8e-41e6-b8f4-765a4e8874de,Success
50febdf2-f4ac-4e3a-a0bc-524b31d607d5,Success
e553497f-3485-4a81-9ecc-440fce6b1834,Success
8007851f-de13-47b1-965a-3ff723409a8b,Success
f35f10fe-e120-4a65-946f-128cd670c0df,Success
89602636-3203-4b16-857f-6d755d6b44b3,Success
c70c5bf3-2303-4e5a-b371-8cf2b4e0e6fa,Success
ca55679e-663a-4eea-9bee-5752f09fff06,Success
64067668-6373-4fe5-ad1b-bdbaed0aaed8,Success
0a7364c5-27bb-4ed2-8b79-bf1f04d018d2,Success
d56301bf-4db0-4b0c-93fe-8492bedf5df7,Success
384e9846-fed1-46dc-866b-e3eef1ba0066,Success
6dc1b763-1619-4f7c-8c3d-3df2fa5dc241,Success
caecbd0d-668b-4dad-9b1b-9241b454ca71,Success
fc19ce93-8622-4f39-b3ef-f0960fd0c17e,Success
d0a0512f-ef6f-449b-9fdb-ffd68994b2f9,Success
29ed5665-793c-429f-a01d-ebb85e57bb90,Success
bc320642-8857-40f1-a131-168378465ebb,Success
a1e94ab5-3301-446e-8b75-2f5b739af617,Success
cad66233-d969-4df7-b71f-0a09db73f5e7,Success
524374e4-3df1-4fe9-a236-9626602c8da7,Success
9ffc5406-d10b-4fa6-8f93-997b843e5a6c,Success
f84bb2f2-a645-4a06-9dd1-026e79c377cf,Success
724980f5-6530-4d8c-a3cc-56137fbf69c2,Success
1651750b-0db2-4103-9824-ffc2cc432f25,Success
be8c91bb-4b05-4d5c-a449-a8701e2e4d94,Success
635fb206-177f-4187-8526-42c6cdfccc89,Success
1b75becd-e8a4-443d-82e1-2506b912edb8,Success
938cae96-f461-4ce5-a9b4-cbc8a73bfc93,Success
70ae540c-2b54-4739-8c20-5f6f34817c56,Success
014f78c9-0512-4419-a15f-139245b94254,Success
c4a383ad-3890-4d3b-b5b5-9bb7eedcb631,Success
157fce1d-e809-41d7-955b-881c0402fe48,Success
fdbe3c9f-737f-46ee-ac97-d1232c4c3c02,Success
a04a6cc3-4e1a-49a8-9fe6-afa6165834f2,Success
97bb006c-beb0-4465-bfad-cc1dadb87199,Success
3d3c9951-8ca9-4a61-add5-66fab4d4375c,Success
f5486088-e31b-47fc-b3ae-0bc2ead8b0f2,Success
a345e5fd-782d-461a-8368-3d09f1b3c98b,Success
2bc7d320-1d3f-46cd-8a29-4bce537cb427,Success
4b07cd46-3ac0-4476-96b4-3a874bf7b00e,Success
475a67e6-7ffb-4f9d-8286-13832e8fa500,Success
4ff65bd2-bfc7-4e92-a447-a76ade9902d9,Success
577c4e7b-84e4-4cdb-8578-26a352ff1acd,Success
8e60819f-1b97-4e0f-8172-41ddf61c6b42,Success
3d832d75-58e9-42b4-a73d-1d995767bb93,Success
3a071fcf-769a-4cc0-8fdb-33e14f668467,Success
1f0ff411-2a7b-4e09-a467-6ca17fc911f2,Success
31b5c668-33d1-4591-9734-1f46785a3132,Success
e3193338-cc90-4058-994d-fc7d7c749ae3,Success
a4aed167-9c7d-4eac-8e1f-d2a78b3e1415,Success
79218aca-452f-4f72-ad3a-e1c8d643d806,Success
c773f8f5-2ac5-43f7-9fe9-e135d9111801,Success
148bc84b-f60a-4cc3-94bd-47b229ea78d0,Success
d64d8a12-b6dd-4719-b286-2ec731658a47,Success
d6381045-61ea-4e99-b2ee-80e68d146ca4,Success
e29b075c-d1d3-4b4c-88c0-0efd3a46b0b3,Success
f785fdff-7ce5-484d-86ed-3a0b6ca9c3c0,Success
c2cdd2ba-02cc-471e-aee2-f90d12ae5166,Success
a6d47362-a9c3-4863-badf-bee9bb6dbe9f,Success
4637b49b-c1c0-446f-9942-f93ae88a5a0d,Success
7664544b-ca64-40dd-b928-5023490e12c4,Success
494e77a2-810d-47f5-8fad-9e8a4fdbedb4,Success
8db29627-469c-4adc-b4b2-f5a80f0e6acd,Success
7050b609-3956-4f5a-9eba-dbc862c12e31,Success
56be28c6-2c1f-462d-b776-c4a24dd71fde,Success
544f6a24-3dde-4e84-a439-32d7cbf9ce1b,Success
23b3610d-98e4-4ff3-a2b9-4769f0906382,Success
4d2ed86a-f808-4e54-a276-95dcf5eaa43b,Success
ab5af338-3ee1-4a96-919f-0e4a06bc4c19,Success
1a3c79e7-760c-4650-a450-0fbc903277d9,Success
d6f1a502-aca0-4d9c-9cd8-8116899d341c,Success
5f22d166-91da-451f-95a4-c7160d4de5da,Success
09c4c6ab-801d-4db9-a909-54b469a3e465,Success
02844444-7669-4940-98b9-032d4f728b19,Success
2e784ede-4afa-40d5-ac0b-3a6bad1b060a,Success
2a19a35b-2682-489a-8b0c-95e8870f0b50,Success
db790d25-b4ce-4fe1-b73b-8094ec0c8e3e,Success
c791c571-2ee8-4fa1-a9b0-ade8c187b5b5,Success
f51c0b63-d2c9-4a3c-8707-0457eb1bb77f,Success
3736ca9d-7b27-4197-a508-46dfc71e6287,Success
4e05196d-0539-45d9-ae38-25966e3f7aee,Success
6acb9c0b-8659-4a47-9cba-39ba55c36908,Success
6cd0486e-9c5b-4585-b3eb-3047d1e60c76,Success
22a4336c-441f-4bfd-99b4-f80997ed665b,Success
a2a214f2-ffc6-4b1b-b32c-15566c78d7cd,Success
14b77319-749d-4ac0-8fc4-92e43d15ae08,Success
3d43cf65-9475-4afa-8221-c91181b46225,Success
ef021be6-f7ff-4c46-8357-4d620991ec15,Success
536ddeb4-39e2-4ec6-b6cc-640fb6f52407,Success
8a0174a0-b7f9-41a2-a4d1-c516da7ec295,Success
baa97755-c8a4-465a-b813-008a2484f0a6,Success
6c8f2d6d-f064-4627-b3e3-0dfaf3f7529c,Success
32ae0b62-2f6a-4aa2-8442-05bcee2a7db1,Success
7027da9b-3cfb-4690-a7d4-35d7506f360e,Success
33f1b293-4d68-4eb2-883d-abc4104de183,Success
c8c4eea7-fb40-4bf4-969a-eb728cad918c,Success
1188d2f0-de01-4b1c-9d5e-f1229e7673de,Success
bdd42f1b-dd38-45ae-a1b3-e78580db7dc6,Success
446901cb-8839-4163-8a27-b22086122a58,Success
41d108ba-5951-4f47-bb4c-965756194f08,Success
73f6dfd1-cb4c-4386-9abe-9985d97a7d12,Success
cf367e7c-4572-478c-960b-972047a4b572,Success
588d775f-cb4c-4cee-bfaf-0f8fbd3f0bcf,Success
bf47df76-a1fb-49af-93e2-f0d192de1a3f,Success
8f5da80e-02a9-4ea9-8fcb-8e640bc61cfd,Success
cc59240b-9e94-4f8e-9ee3-a2db7a2b7b82,Success
7b2554ca-989c-44e8-b3a8-a6068b84e612,Success
de774be9-738d-4125-993d-ddde30694329,Success
c50f2187-5f18-4c1e-bec3-22a44a9e4d1f,Success
9b141ce0-0fdf-4086-a4ae-bb27d4140872,Success
25f4b3c5-fb40-4ba5-ba12-3c8758802fc5,Success
8ad92eb1-8734-46db-b64e-87e7f1107907,Success
7bb86052-ca6e-42cb-bacd-ca2d3daafea8,Success
4ba1cdd9-2722-47cc-a4d7-4f566b195efe,Success
e0d42954-bb51-41a6-a81e-dfe9ade88872,Success
cb5c59fc-5366-4c2f-ad08-0a80dc4df5c1,Success
223fd8b8-2c6f-47d6-924c-c747085f4624,Success
bb322173-fe85-4040-856d-62063294903e,Success
27259a1c-56d6-4829-8575-8a71f4891fb2,Success
c7d4c62a-37fb-426f-97e7-6516a4fcfb9a,Success
46bb4e64-1604-48e2-97e3-93f615895685,Success
85443572-f8e8-4958-828d-c2ab0e2d2689,Success
7c18b717-d8e6-417d-b881-b8d5b2e8782f,Success
a000d6d5-d848-4465-9a9e-71289fc837ae,Success
cd08c7e2-0800-481f-a1b9-a7f32e65b2d8,Success
dbd8d862-522c-4006-a30b-adfd1db82534,Success
1a47f905-f43e-4709-a42e-e7661ded8215,Success
9987b786-21b8-4544-a4d1-552e9856382d,Success
944008f6-c684-40ad-bf45-093f66869a71,Success
4d23b17f-5d6f-4167-bc09-787d2a1fde9e,Success
fe698e3d-2feb-4871-93b3-81f046df3494,Success
f90da766-4cf5-408e-84b5-7739c78c2568,Success
958ee152-6cf9-4207-8a45-7948f668149b,Success
80f7bc3c-2cc7-4189-94a8-8e8a91eb951a,Success
a169993e-f0d7-4498-939f-b039d7d66298,Success
ed59f198-a5e6-4852-8b98-8a1bcb9b1a43,Success
0d3c96a7-be8a-4a85-8b1d-1044b901e737,Success
8d37a16f-b34c-4c8e-a59f-15c4bdb26900,Success
8ad0fadd-9eec-4979-888d-06a0d203829f,Success
cf8dadef-0003-42ac-9bfe-82e54f621870,Success
5bdf1433-3dc4-4be6-bc06-efba942cab36,Success
4ad91fbe-c5a9-4d5a-b336-0c88a195d4bf,Success
ee129b60-e298-47c8-8fac-344a71f0f49a,Success
54007d02-c9a5-48fc-a5ff-e8b5813fb12d,Success
5050eed2-301d-4273-a7c5-d547847b477d,Success
29065d89-dd2f-4e8c-a0bb-1f98029026db,Success
fb8b340b-4f11-4985-b8b7-897949c5bd0a,Success
96e0a54a-3e3f-46f7-9839-557d3db5f3db,Success
bfdabeb3-fd58-428b-a0cf-b468aac178b9,Success
2582e725-464b-461b-8a86-884764527ea3,Success
913066ad-71e2-40f1-af85-a041d443a6b9,Success
7c75cfec-3014-4e2a-807e-4f1b6b5ba75e,Success
5d5e5113-7794-4a47-befc-dd03c1be7fb0,Success
45bf13a4-197a-49e1-8f37-76706e2af29b,Success
d9882474-4aab-4453-af06-d75f3141632d,Success
7872f5a8-9a2d-44dc-a316-2ad239b6ef74,Success
c69825ca-ad8a-4021-a7fc-2cc8edb1ca00,Success
85f3126d-9e77-4a62-abd9-31eb5f23c3c6,Success
6b90720a-fb82-4058-aa13-d2f7a8fdd976,Success
9325a2e5-9232-45e6-b4dd-e069b43b045e,Success
eed92684-2f25-49f8-87df-24ed991e1535,Success
5596e188-4752-4bfc-98a7-d12a5cd405aa,Success
afc25af5-5b2f-44aa-a2a5-7dbde60c878f,Success
644012ae-fdc4-4820-8f0b-78f0b85d6403,Success
772ed2ed-cb6f-4c43-9d03-6b08281561b7,Success
7a56a6cf-4992-40df-a0b0-7c658474e5f9,Success
3ca49623-f316-4f8b-b6e5-70818cc7f5dc,Success
df907706-6a25-4a32-aad2-eb0c169bbc8d,Success
edbf2d89-625a-44a6-ae3b-e3236f4c4b40,Success
87546253-2a68-455d-bf5a-3c0b997019f6,Success
89364aa7-def8-4502-bb82-7ddc75bc2cfb,Success
04359060-e03a-4c7b-8f76-11196f1948fa,Success
6f934b3b-580b-4070-9c2d-43a1828fa854,Success
1ee1795b-9be1-4233-be88-4235d90db92e,Success
ca1d6f3d-3c98-4847-adba-b04531a53b21,Success
eb4bd59f-5edf-4b7f-9659-7a673d0d87e3,Success
ae1ab490-0bf4-4f3e-8a33-86b74c94ba59,Success
a0afee57-4087-46aa-ab0b-74688d064257,Success
f5c1f899-34a2-4feb-95be-5b0d9178121a,Success
847a3e12-a992-4f9a-ae7e-82c7d00cc836,Success
fea0b6d7-8c83-4cb6-ae50-434d659fe0db,Success
94ab93a0-38d5-470f-9f14-e5f455adfaa9,Success
98f9e27c-303e-4106-99eb-a50821a9a708,Success
6e1bab8c-3f85-4a9c-a79c-ec87c3b454d9,Success
a09d56bf-c0d7-4ddc-b10e-b8bc0ee7c5d0,Success
25edd2c5-f982-433c-b06c-a2c82972f483,Success
7a214b5b-19d7-4368-bc16-96694661e40f,Success
a0f4600e-ee7b-46f5-9dc3-3e9db44863e5,Success
bda4c757-9b53-4fae-ae46-fab8de5eb627,Success
39d5a262-1bde-4f75-8657-a655923f6415,Success
fb963b85-fd65-416c-93e5-56ad0b3f67d6,Success
a01608c9-7862-46cb-b22d-c2d4a37a4d19,Success
df22bdc8-8031-4005-9673-f7ba84702252,Success
5aa4edd3-134c-4d06-a675-ff08b33ea6a1,Success
3f421876-9855-4918-bee8-47b4cd5a8fd7,Success
6d5c77bf-b281-4e3e-92fe-5304a6aec324,Success
3745ca1a-e039-4f3b-84c0-c373db6b7a7b,Success
2f5e4f51-1cbd-4cde-ae23-09fd2ea03c18,Success
a6c50887-3823-440d-b167-594399b7d3d5,Success
2e2c7058-4295-4b8c-a43a-67c901ded5b6,Success
89da5831-6aaa-451c-bb41-2c721fd9e89c,Success
8e628217-5642-4a7d-b963-f6f7828614b1,Success
f026bc91-0418-4fc8-ab40-8c5d06e9780c,Success
3def4b6f-8492-4586-995e-73647966bbbd,Success
bd68e21b-1c0e-4e2e-9a75-65c7f58959a9,Success
eb051efa-50a3-412c-8521-de68af7adc71,Success
a139d480-950c-430c-94c4-bab51606d4ff,Success
c54fcb9b-78d4-48b2-9909-21f31fb768db,Success
8bcb55d0-8272-4dca-98ce-41095b186340,Success
4f632dca-75be-435d-b170-b17b9e6469a3,Success
cd33fe53-1127-4bba-ae61-98ad222f14f7,Success
356d3e5a-8081-41cd-8c03-239ff77c56d6,Success
e3b38d2a-cdca-42e0-b9e7-cb3b08799365,Success
66440870-3b96-48e5-8a5e-fc78bf20f03a,Success
2e48bcc3-99b0-45ce-9152-633c5e0c5ea1,Success
496062ae-f0d3-4d7b-b7e2-b60d28d956be,Success
fda32533-97d6-4157-bc51-5bf068126311,Success
02560985-c3d7-4fa5-a448-6ac66b610b78,Success
aa6976ae-5798-4b80-bb13-1479524e7554,Success
866791c3-f8c0-45f2-91e0-f8fc2f6e2fcf,Success
331de874-fda1-48e2-9c63-ea85e39fd876,Success
1e2cbaa0-a612-463c-b9c5-18a8291483c7,Success
0dc7ca55-790c-44bf-bca9-65a857ba33e2,Success
945ae8b7-fd39-4a68-a7d6-a6f014e70586,Success
b5b398ce-704b-45bf-94ea-04350c747a7d,Success
d0d11fb0-8af8-4549-8714-ce86aeabf8c6,Success
e001514d-8f83-4b40-a695-fcd6e697fba8,Success
9ccb4fc3-6a4e-4f77-8e0f-713e9a3349c6,Success
b3089eaf-4d7c-4730-bb7f-ab2351e29032,Success
c0ce4bf0-fec6-4590-bfa0-dc0b40e407a4,Success
ebd07c05-fc98-4ab3-a86a-99e787570626,Success
58ebf66e-5dd5-4ce2-86a6-50bf13942b9a,Success
25979ca6-69ae-41a5-9e12-e068210fd9af,Success
2b91c680-1c07-4dd6-aff0-756f63754b7f,Success
3edd7673-0a0b-435e-b90d-5a15b1d788ef,Success
ff1425ec-05d6-4705-b4d2-41d2f249d06f,Success
b57379d2-e1aa-48df-a9c9-a1aea841b491,Success
3b580c7d-ff4a-46f4-8f0e-b0570d574d1e,Success
af2c376a-a116-484a-b208-a97e01e2801e,Success
b13054c4-d9f2-4a94-920a-a6f3371223f5,Success
81f09b87-0a27-4a04-b60b-1aead1a412f5,Success
d544e9b1-3096-42c4-b6a8-cf380946c3bc,Success
40207e9d-736b-4e26-b7cb-b861fc48c158,Success
9897b2a4-875f-4429-b150-7cb49839cc20,Success
b0b960ab-37b5-4881-aaa2-5df267bcfc69,Success
472e027d-c4cb-472c-9dea-2cdac5d1ae4f,Success
27db6747-ce21-486b-bae9-d075ea677883,Success
b63bebe8-8840-4872-bac8-d4cd2d44960e,Success
9c82c4b6-b450-4505-99c4-baab26cd4625,Success
6ebcd54c-08e8-4f0e-aaf1-427319bfc674,Success
5507109b-9a35-446d-aa08-017d72031397,Success
434be44d-5e6e-4821-baae-2c4e563fc250,Success
17401533-a784-4c37-ac24-d2db0fa4b800,Success
150fcd05-9e4e-4372-b809-14b3ac191911,Success
6545c315-9bb6-4b25-a637-f63ba2a0c6a6,Success
10e6da7f-9bad-4afc-80ed-78debe732121,Success
27d4bc49-0038-4dcb-a8eb-cec052f1626e,Success
0549f026-bab9-479e-8d7b-f5cebc4c18b7,Success
93ad74d7-b5c8-4e49-aa8a-408e1fda123c,Success
06dc2bd3-a45f-4cf1-9102-81e75edd477c,Success
6d3c745f-dae1-4499-bb8e-3e5821ac58e3,Success
ba58cbf8-63c5-4b85-8c4e-b37a71c765b7,Success
0f19b14a-7888-4f3f-b1de-02d89f7989fc,Success
29f53a00-4c22-4a5b-a780-fc8a5d00dd0f,Success
45e07890-ae52-4f7c-a9be-4658249d95b2,Success
ff79da8a-9936-436d-ad47-f386e90cf25e,Success
a24895ba-191f-42aa-a1a6-c19e97c92ae6,Success
1ebc0a6b-3728-44b5-bdc9-24b8ccb64d8a,Success
f65bb017-2f29-40e5-a528-910c6ec56c42,Success
b5a249f7-a696-45b6-834d-42a6182bba4e,Success
0bb55e60-4e02-4d70-b412-c8b9cb03e976,Success
497ceeba-5221-4a01-ba9a-b429ef07185e,Success
cab6de69-9877-4757-977a-18efaec51e5d,Success
f1e5f214-c0d5-4c8d-900e-0280f2866476,Success
8561ab03-1c01-43b5-bf8c-9e7a8b959964,Success
57326bf7-9270-40b2-bceb-d47a04a94ee8,Success
ccaa584e-913d-4b2b-ba78-34aa96d38cee,Success
8df0dee0-d7c7-42b3-9308-0d806c4baed7,Success
f9c8c734-40e2-433b-8e6e-67ab5d3ccae9,Success
375b2535-a7d5-49c0-9fb9-d1d992446c72,Success
cd2a5de2-7758-4822-bd2c-f91645f57c05,Success
45fe68d5-95b0-4717-83d0-ce291ee287bf,Success
e74d27b9-c5b0-4e30-a210-5343685c8b0a,Success
94563cc5-18eb-4952-acc7-f03a2cfc67a3,Success
94dbc62d-d90c-4926-98b6-fc3d1edd4526,Success
db8ea61f-f780-44e8-a9b0-8d7f867726e0,Success
464a881f-06fa-4cb3-9f13-517fc6e4ad65,Success
1f8f1e14-9d27-4f36-8733-b85d2d54f8b1,Success
88df4a5d-5438-4702-9400-3d1a6810756e,Success
0369b682-b15c-46a4-b7ba-c7191959e7ed,Success
73f6d206-c1ea-47a9-8399-a1beb10b5993,Success
0f4ea24d-9d6e-437d-bc5b-e131fc8b128f,Success
1fde96c2-6382-43c9-ad5b-a8251765bb07,Success
755e00e2-464e-40bb-a9bf-702397e6af1c,Success
4ac84f6f-a6c9-454a-ad6a-a7f8f2abfeb9,Success
ac3ea8ae-6ca3-42df-a902-dec550e47f8f,Success
44dcedb5-2331-46b4-b0d3-39e883869a90,Success
af7d5d1a-0ad1-4d36-a9d9-fb7ac55db2a1,Success
9881c4fa-91c5-4b47-b998-7d6eaf36ab9d,Success
524e1091-65df-4b0a-9b4b-e26aa4ec07de,Success
825bc836-ffe1-4a10-b311-824ef3f4d098,Success
e5d16524-579d-418d-92b3-75783a36eb82,Success
16d93728-72a6-42d8-b15a-e5e2ea4c2066,Success
d081d81b-1eea-4aac-9af2-2516e2be245c,Success
ae7280e3-00b3-4a8f-acc9-8df82a3808cc,Success
7c0bb773-5634-4f25-aa18-d102fb9c2c40,Success
d29dbf24-6625-40b1-ad6e-10dea65369e0,Success
787b4dcc-1260-40ed-a18b-c5bfdc759599,Success
4076a5a1-c8af-4c83-92bc-8f57f16622a2,Success
6ad73b71-ad49-47ac-9adc-63e143840039,Success
386d869c-a754-4f1e-a2dc-3ad8bb6afb35,Success
e06702a2-0bc9-48d0-a4c2-c7e87ec25c08,Success
99d992ec-02d8-42ff-a560-547c8ba8a830,Success
41682191-881b-4c1f-b1c9-1a988b68cf67,Success
5491bd88-1b68-4ec1-98d2-68fab795d1a9,Success
303ddd15-e085-4d68-8ca8-248d4bd56879,Success
66684057-e4ba-45f1-9c2a-1c7376ace61f,Success
19ceae25-64f7-4030-a38a-5dcd4f8634fd,Success
9ea4e2dc-f590-413e-96cf-db610d90d96d,Success
d2f62c5a-4eab-4669-bd72-828b5a3d7ec9,Success
37387d99-5bf0-4f8b-8f8d-b3d91911f494,Success
d063a7c2-af59-4c60-b5bf-5542462f84b3,Success
82b7ffc3-aa8b-4cfd-9efc-3f0d58be2f41,Success
460fe657-80b8-41ac-93a7-f3cc835703d5,Success
d37b3c88-a4fc-448d-9d2b-a5b03a61931f,Success
4fb5b3a5-66d5-44c0-b3f3-a634dc6f0197,Success
8a64d3ff-872d-4c0f-8aed-a6b4ccfa61d7,Success
30c4e3e2-8987-49d3-9ca5-48721046e244,Success
6589631c-365d-440d-b709-24de5e62d57d,Success
25fbc687-2202-4777-a158-38ecca4ebc29,Success
bea4cc4c-925d-4d81-a8cf-112742986a57,Success
f854698e-3d48-461c-ac0d-8f8c9a589665,Success
5a2428aa-71c1-40cd-ba2e-6ba41caadbfe,Success
062a1a44-700c-4fc1-a184-66bd185d7948,Success
a0610111-63a6-44cb-b1be-97ebe6a03788,Success
66c3e2c1-4719-4bcb-8b0a-0a92edcfb940,Success
0d4705d5-bc4b-4d97-9478-29a000b24a79,Success
97a1e8f3-1ffc-4ea9-9e98-9d6494fccfc9,Success
3ffffa71-e0f1-4813-b06f-68fadbde1779,Success
d48df35d-b96c-46a1-8421-237ddf4ddf9a,Success
be2ab3b6-ad32-43a5-a8aa-94f4b96911a7,Success
d2da7da1-0bbb-48e4-846d-4ad5d939bdd5,Success
9bb21dd2-d465-47a1-a624-4c2b89b56dd3,Success
3a33d00a-547c-40e1-8137-dbb9fcfe4136,Success
bb56d40f-dfce-40d6-96c9-68da913abfeb,Success
c630cc06-0d7a-4515-82d5-e6dc57a51632,Success
ae6072b7-a03f-496f-a661-ec6189f13d4b,Success
e4a27c38-0634-4687-8cbc-be576d77f6f7,Success
6b6cc1f3-7f39-48a8-ba1e-401956a1cd95,Success
f547e59a-74ca-4f7b-a044-c92e49508fcb,Success
99153872-d5d2-4d1c-93da-81bbcb11e528,Success
f31c7a52-bfd8-4162-aa80-2d8ad032468c,Success
6f5e314b-60df-4026-8b6c-a1ff8f732765,Success
f59ed381-5c94-4f6e-a89d-7592e7e5fa89,Success
f25b21f1-4766-457a-b544-728595f1036b,Success
af279e2d-c722-4d45-98bb-c1c75f53be65,Success
4abebe4b-e9d1-4b30-8443-d932cc3e9d13,Success
ec7f2e00-384c-453c-84b4-995b76f81501,Success
ace1db11-cb7a-4ba3-b424-b7f02095627f,Success
cd03049a-365c-4f87-be52-7ea9de5016a9,Success
c1f32963-ab9d-4114-a79f-a4a345f7bddc,Success
6f0a2f89-14e4-4377-b939-f6617dd40490,Success
aa3e1b64-dc42-41e6-9b3f-304b934e6043,Success
23f023d8-517c-4a09-9d6d-5477495b2de2,Success
db7b7718-7870-4276-b2f5-708d97028b5a,Success
b4b94a6d-3c99-44a0-8e03-bcfb5de42d28,Success
b3a0b588-8203-492e-b1da-1b72282ca802,Success
45d3249e-82cd-4a7a-91de-05bf3f77b342,Success
5ae98def-ddf5-497f-9b9f-5df6d32de7df,Success
4a0c3400-509d-4ea4-989f-f77c20ea60d2,Success
8670afe8-0296-48b2-bf8b-568a83c777ab,Success
fc9846ac-adff-43ad-a648-9cbf2d73611e,Success
a4444343-8803-4440-84c2-2fa5c62a62e0,Success
4a4f0ba7-d729-42dd-93b8-09226b464552,Success
6ad90194-182c-4d30-aba3-6d292c2d0b26,Success
b9718043-ade1-466c-9d9d-72723608c4b6,Success
455a6a26-498c-4ebe-b8e2-3fa06f9e8841,Success
badf1c44-06e5-49a3-9c72-2cadcefb7df2,Success
1a9511bd-68bb-49f7-9f53-7d8d871f9a8b,Success
f906771c-ba76-45e6-8763-c1f6e026b317,Success
6f21579f-066f-488c-bb9a-60c8e2aa644b,Success
be54db04-5381-4c9e-b3d7-d81a097948af,Success
0c76c63d-7c00-4086-b19c-ba30242d8592,Success
49867623-092a-4cda-9e18-08a4f8477987,Success
9fcfa27c-030d-4fcd-90de-409a1d078c78,Success
900069bc-ba57-4a41-a655-44fb368b2829,Success
428e8585-60e4-4a4a-8119-ee363487ae23,Success
7274f960-cfa5-4f3b-b22a-5c510931b84f,Success
b9148db6-2bfa-4c02-b7bd-b58b890f1080,Success
2e4d4b8a-f4c7-417b-96d6-6fe7ea019fd7,Success
23ac9a2c-e2ac-498a-9c59-870822a7d76a,Success
30289d8b-47e8-4660-b390-5b45fa115fcf,Success
8409e3c8-69ee-4e39-b428-08182d58fa8d,Success
d1c7d28d-33ae-45f5-a62d-1f44b65316de,Success
a6e8894d-4d0d-4852-8518-fba753bc45f7,Success
dd59b765-953d-47ae-aceb-2ae822a65a47,Success
38c5e77d-3c04-4f8c-9f58-c723514b0d95,Success
2ebc68d1-1780-42fd-b9c6-5dad7bd2afd3,Success
22d88f84-b0c3-4f04-b083-bd9bf7cb1b55,Success
bdb811eb-60cf-4fe1-a92b-e5c5f038cdb2,Success
83f39499-f474-4681-8d0f-bca9c785f684,Success
cf4de174-9be4-4f31-8601-2ae116fe04a0,Success
ad9a0813-54ea-4ea3-a1c6-087ee0052e0b,Success
1400ee84-1485-4328-b0d1-3c6f34939a4f,Success
8f99f3ff-e727-449d-b5cb-35afa6b732da,Success
64401d32-ef2a-4441-8e0b-260b3df56870,Success
16ec6bae-e6e5-4a5d-8592-b7c2f39f2f0a,Success
a4e6dc32-3411-4a83-80a5-99d3a6e4d966,Success
826200fa-9876-4476-a211-e643e34dadc5,Success
0d96a9b9-fd77-44dd-b44c-57c3ec8ad382,Success
cc478de6-b7eb-4fd7-823c-6438913e9563,Success
30844490-aedf-499c-b880-4b76ea160bb8,Success
27f48a38-2e48-46c9-9339-dde2cb252864,Success
b8e3e757-0065-42e4-8e60-d0988b929b42,Success
86f49804-8f5b-418e-b786-90403afa326e,Success
ecc79fc6-414c-4843-8b5f-cad32a8f9ba6,Success
c44cff88-b433-45a1-907e-768130927a20,Success
cb40dc87-a0c1-4ba7-88b3-1c0b42fea85a,Success
0afa7d79-93bc-4d33-9a57-80335358b7c4,Success
d8742d7f-ecc7-4b10-88cf-01869c0c09ae,Success
9992679c-8efd-419b-af2c-f965814e605f,Success
4586fcfb-5c8b-49b0-81cd-84efb9fc23df,Success
4f4a251f-05d1-4817-96ea-cd97ac4760c9,Success
c9ae29b4-7f74-41bb-b415-a4c453ebef3d,Success
4de9ade5-78f9-4bcc-bb13-56ab7a992aeb,Success
b85eebf5-2298-4a76-a8e7-19d60b16669e,Success
98ecef33-c03d-4c96-be7f-70f51d543da7,Success
e97fc86b-1cf5-468d-a8ea-b20f6da9fb2e,Success
4fa36b3e-2f80-492f-85af-83790566c8ef,Success
077df4a2-3229-49f4-a8ae-3634ed09de2b,Success
d29e9939-027c-4cf9-9c97-f1a1d0d4a344,Success
6be5c012-c95b-4a55-b809-c38c28d2f576,Success
8e17e022-4305-4a54-948f-ed91b22e53a8,Success
468c7acf-a252-4e18-8cb1-776c6d9c7c0e,Success
f0ac4fbb-00a2-48cd-8fad-eef34861c4c8,Success
12a181d4-5520-4eae-85b3-84e41c862f13,Success
d6521314-3186-49f6-a490-d89b58cdf8e9,Success
f584c997-bd8c-463f-985f-c747d57de1ba,Success
aff5c2cc-f585-4752-a614-0e49d085caa4,Success
