964d3fce-cbe5-4e60-864a-0879f19dc9b3,"Already Set to MD"
1334f9d1-9eb7-4a50-8cd5-307be96afa30,"Already Set to MD"
eaac01a7-8ac3-4a7e-8a4a-b42fd048352f,"Already Set to MD"
7ada09c7-817c-4194-9548-bc063ab66fde,"Already Set to MD"
5af92f92-ea6b-4bfb-aa07-e8cf6e25882b,"Already Set to MD"
6ed3cd1f-aebe-490b-8664-6313e91a8fdc,"Already Set to MD"
0ba4d562-942d-4d63-a747-403c3cf7fb83,"Already Set to MD"
c1e4783d-dbe4-4599-a641-5961c41bb08f,"Already Set to MD"
f6e206c5-56a0-40ab-aaa7-e78c74c93582,"Already Set to MD"
07adec08-8561-411e-98ad-a620553246ff,"Already Set to MD"
1a4df379-8718-4faf-9ce9-79b0350f0288,"Already Set to MD"
9a36f6bb-f159-4148-8275-629ea8e78d73,"Already Set to MD"
8479e966-d226-4b7c-9fce-5ceca687af5d,"Already Set to MD"
b86a012e-def0-4f06-ba90-b785e324f155,Success
4b313afa-74b5-42b3-bc54-a588975d9bd4,Success
a1eab77d-a39e-4689-b395-5d0045226ba1,Success
e6656eb3-9d32-4745-bcb2-550b5c005937,Success
893a4728-0733-429d-9a5b-ccc7d4edb8ba,Success
06d0bb1b-749f-45ad-9ad5-a4dab100452c,Success
d5073eb0-2096-43c2-b48d-ede142068272,Success
0e09bfaa-565c-457a-b17a-8455ecadbbcc,Success
eedd404a-7bfe-4dc1-bfca-038ee7630ffc,Success
69e3d00b-180c-49f2-9904-e41838594213,Success
d0e36fb2-9738-4f0c-ad0b-284f4d5328d1,Success
6f841351-d208-4eeb-8c54-d1d5295acf0d,Success
c7266980-5ca3-4127-9b0f-7eec86300f6b,Success
20cd3de4-cb18-4f21-b616-b5bbd4179074,Success
a79b268b-2b88-473d-8948-05f88acf8155,Success
57e930bf-38ba-40aa-9ba9-9d6d15c595d1,Success
b50808da-0704-4b79-9ab7-5174d9525ac9,Success
b26bf7a4-badb-463d-8787-40e8f85675c9,Success
fcde26d5-8f90-4a73-8534-7bcdff599af8,Success
f2379f7f-0523-4315-88ae-18530aedf21a,Success
cec00b24-9e41-4631-afae-10a57112f06d,Success
30eee6b1-12d3-49b1-aa30-9b229e3e49c0,Success
014c3920-50ea-42f9-9c1b-fd17cee70bbc,Success
88917745-bf0d-474f-8f11-c8cc5b6d2934,Success
787da6c0-625e-438e-94e7-cbc2ea0ca836,Success
e684ff76-1bbb-452a-a187-2d8f3e5d232a,Success
cb096cc1-b040-49b8-94b3-cafc2872be48,Success
a7f3f50f-9808-4324-8e8f-6133a34d34d2,Success
6a834b30-f7b9-4ce2-a82f-de2b62225b88,Success
18f0f6d1-d626-4b4b-87f9-13261ff08b78,Success
37ead2a8-ec58-418a-a8a9-cbdab2635b37,Success
30bb908b-0720-4299-a6a1-46dc4320a5cf,Success
e3cadc7f-fe12-474f-91e9-97e043fd6df3,Success
4bc37cad-4c14-40f5-9b6e-86567d940fb3,Success
6a5c0e59-2106-4eb7-afcb-a5febdd312e0,Success
c01b1489-6abd-4247-ab39-f79730086619,Success
fe0a7398-299d-4cd6-8fca-f12031c8299d,Success
acb16171-727b-41f9-80c5-eeebe8757ac2,Success
239687ae-4dd0-4155-ba08-72ba0836b22a,Success
a3c1e1d1-b642-4744-a3b2-4c6714bddd9d,Success
2a053834-71f8-4d36-a15f-276e9816d126,Success
746285e4-e899-4c6e-8a8a-c5647762c956,Success
9d54b3c1-70b8-4d31-ac45-7b6772adbdd3,Success
d8213981-f641-4dfb-ae76-097c4508c278,Success
521f936e-a96b-404b-9766-8b35132bd576,Success
e51a5f68-149c-4a34-9ecb-ba12d53d4869,Success
d0018d19-6dfe-4a5e-b572-994c903e4294,Success
43052a78-83b5-47b0-9235-283cfdd3b806,Success
020bb8d5-0ac3-40f6-98ab-65d06ab2c271,Success
1d38f759-be66-4005-8b91-39fe5d0b3126,Success
7ede69b7-557b-425d-a95f-0268cc991a10,Success
f6df1011-1803-4aa9-a469-83504b38d258,Success
67ab4d5b-267b-497a-9a6d-eeefb3bc6e77,Success
dd549020-86e7-4e4b-a703-1da2bdeb30a8,Success
443103ca-a8ce-487f-98cf-5b6414c5f0a1,Success
dc8cebea-c8d2-43ec-8ddb-1cc5e85e8c9d,Success
3a9490c9-a8da-425a-8237-633d47a49958,Success
478a76ad-2504-4c89-953f-16e57eeab8da,Success
d1e576be-e37c-4c13-9baa-dafc5fe48eb1,Success
4a092f5b-8768-48f0-9d53-740b4b6e977c,Success
bab8b32b-66ad-4f0f-b048-0a1cb52ecfa8,Success
e8ace8d3-228f-474f-946c-008d93fdf164,Success
e582b57e-84a9-42a9-8d3b-1ba8586259e7,Success
cf782ef8-3888-43b2-a9b6-72d0b9d5a973,Success
2158b772-155c-4a07-9ec5-262b1de9bea9,Success
d89b0dbd-0807-4835-bced-8314e53fd378,Success
c773f986-6073-43f4-9def-c7fbd0957b12,Success
88b5f952-6ee0-44bf-99c6-fa3ec0bdd8c0,Success
6def38ee-6ef9-4c87-8ef4-8d7b821ba5d3,Success
36712306-5c92-4e4e-bb1d-aed2e12d450f,Success
8d69270d-48d7-41ea-a24b-285a45109c31,Success
2b7d4310-b1ce-4388-a4a1-0a42795c8f8f,Success
52ab5777-f22a-4a4c-93ac-08231bb51fc4,Success
69e7523f-38a2-4660-bce5-3f43b84af803,Success
94e35cb8-36f9-478d-945c-190b3190cb5c,Success
6bd308f0-3376-4d1e-9849-43082eace83b,Success
eaa17fca-19ca-4853-91f7-62c904259113,Success
a44453bb-9185-4a84-b77e-f541dc06a6a7,Success
1e90ec3e-9afa-4df6-aee9-f3bd13241b32,Success
538ac69a-7410-486f-bc54-c690f2a7405d,Success
bd53936c-bffe-40aa-a04a-5715029e85ec,Success
5abae2a0-e44c-4fd0-99e1-08f14f376510,Success
18e4457f-93f6-4a77-b03c-dfa7c848b5f6,Success
6cfa2188-06a2-4a14-860b-df53a6d25a63,Success
708ae31e-78db-41e3-a28e-2435eb1b9ff1,Success
